{
  "cities": [
    {
      "id": 1,
      "name": "Cape Town",
      "country": "Afrique du Sud",
      "collection": "Heritage",
      "image": "images/capetown-heritage.jpg",
      "description": "La ville mère de l'Afrique du Sud"
    },
    {
      "id": 2,
      "name": "Casablanca",
      "country": "Maroc",
      "collection": "Heritage",
      "image": "images/casablanca-heritage.jpg",
      "description": "La perle de l'Atlantique marocain"
    },
    {
      "id": 3,
      "name": "Stone Town",
      "country": "Zanzibar, Tanzanie",
      "collection": "Aquarelle",
      "image": "images/stonetown-aquarelle.jpg",
      "description": "Centre historique de Zanzibar"
    },
    {
      "id": 4,
      "name": "Nairobi",
      "country": "Kenya",
      "collection": "Heritage",
      "image": "images/nairobi-heritage.jpg",
      "description": "Capital dynamique de l'Afrique de l'Est"
    },
    {
      "id": 5,
      "name": "Kinshasa",
      "country": "République Démocratique du Congo",
      "collection": "Heritage",
      "image": "images/kinshasa-heritage.jpg",
      "description": "Le coeur d'Afrique"
    },
    {
      "id": 6,
      "name": "Lagos",
      "country": "Nigeria",
      "collection": "Heritage",
      "image": "images/lagos-heritage.jpg",
      "description": "Métropole dynamique du Nigeria"
    },
    {
      "id": 7,
      "name": "Abidjan",
      "country": "Côte d'Ivoire",
      "collection": "Aquarelle",
      "image": "images/abidjan-aquarelle.jpg",
      "description": "Perle des Lagunes"
    }
  ]
}
